{"cameraMode":{"drawMode":0,"name":"Shaded","section":"Shading Mode"},"sceneLighting":true,"audioPlay":false,"sceneViewState":{"m_AlwaysRefresh":false,"showFog":true,"showSkybox":true,"showFlares":true,"showImageEffects":true,"showParticleSystems":true,"showVisualEffectGraphs":true,"m_FxEnabled":true},"in2DMode":false,"pivot":{"x":-20.30733871459961,"y":5.557647705078125,"z":6.6920623779296879},"rotation":{"x":-0.028320202603936197,"y":-0.18279312551021577,"z":0.005267096683382988,"w":-0.9827341437339783},"size":13.173090934753418,"orthographic":false}