{"cameraMode":{"drawMode":0,"name":"Shaded","section":"Shading Mode"},"sceneLighting":true,"audioPlay":false,"sceneViewState":{"m_AlwaysRefresh":false,"showFog":true,"showSkybox":true,"showFlares":true,"showImageEffects":true,"showParticleSystems":true,"showVisualEffectGraphs":true,"m_FxEnabled":true},"in2DMode":false,"pivot":{"x":21.601282119750978,"y":-27.7618408203125,"z":7.696927070617676},"rotation":{"x":0.5156843662261963,"y":0.007708968129009008,"z":-0.004634432028979063,"w":0.8567714691162109},"size":24.949932098388673,"orthographic":false}