{"cameraMode":{"drawMode":0,"name":"Shaded","section":"Shading Mode"},"sceneLighting":true,"audioPlay":false,"sceneViewState":{"m_AlwaysRefresh":false,"showFog":true,"showSkybox":true,"showFlares":true,"showImageEffects":true,"showParticleSystems":true,"showVisualEffectGraphs":true,"m_FxEnabled":true},"in2DMode":false,"pivot":{"x":23.163156509399415,"y":9.222707748413086,"z":-2.3002195358276369},"rotation":{"x":0.31296268105506899,"y":0.19889414310455323,"z":-0.06717314571142197,"w":0.9263225793838501},"size":47.62361526489258,"orthographic":false}