{"cameraMode":{"drawMode":0,"name":"Shaded","section":"Shading Mode"},"sceneLighting":true,"audioPlay":false,"sceneViewState":{"m_AlwaysRefresh":false,"showFog":true,"showSkybox":true,"showFlares":true,"showImageEffects":true,"showParticleSystems":true,"showVisualEffectGraphs":true,"m_FxEnabled":true},"in2DMode":false,"pivot":{"x":19.92061996459961,"y":-74.74413299560547,"z":71.72444915771485},"rotation":{"x":0.3804907202720642,"y":-0.001394508290104568,"z":0.0005674489657394588,"w":0.9248285889625549},"size":66.79006958007813,"orthographic":false}