{"cameraMode":{"drawMode":0,"name":"Shaded","section":"Shading Mode"},"sceneLighting":true,"audioPlay":false,"sceneViewState":{"m_AlwaysRefresh":false,"showFog":true,"showSkybox":true,"showFlares":true,"showImageEffects":true,"showParticleSystems":true,"showVisualEffectGraphs":true,"m_FxEnabled":true},"in2DMode":false,"pivot":{"x":-10.991413116455079,"y":7.019636154174805,"z":2.7357568740844728},"rotation":{"x":-0.052635565400123599,"y":0.9471248388290405,"z":-0.21260084211826325,"w":-0.2344885617494583},"size":15.814300537109375,"orthographic":false}