{"cameraMode":{"drawMode":0,"name":"Shaded","section":"Shading Mode"},"sceneLighting":true,"audioPlay":false,"sceneViewState":{"m_AlwaysRefresh":false,"showFog":true,"showSkybox":true,"showFlares":true,"showImageEffects":true,"showParticleSystems":true,"showVisualEffectGraphs":true,"m_FxEnabled":true},"in2DMode":false,"pivot":{"x":-20.19953155517578,"y":-67.56427764892578,"z":259.9356384277344},"rotation":{"x":-0.13339939713478089,"y":0.013657829724252224,"z":-0.0018358456436544657,"w":-0.9909854531288147},"size":157.45150756835938,"orthographic":false}