{"cameraMode":{"drawMode":0,"name":"Shaded","section":"Shading Mode"},"sceneLighting":true,"audioPlay":false,"sceneViewState":{"showFog":true,"showMaterialUpdate":false,"showSkybox":true,"showFlares":true,"showImageEffects":true,"showParticleSystems":true},"in2DMode":false,"pivot":{"x":0.37536823749542239,"y":0.9940189719200134,"z":-2.3846888542175295},"rotation":{"x":-0.11573527753353119,"y":0.8245307803153992,"z":-0.1824856847524643,"w":-0.5229302048683167},"size":1.11127507686615,"orthographic":false}